request_id,subject_id,pdate,user_id,click_time,menu_id,menu_name,shunt_name,subject_name
b1b317ad-e443-46d1-a2cf-ba86f644e391,20220124150817_d66aa5b7e58c2b8233024123212401b3,2022-11-07,20221107125730_bc620ab71bf7d450594e74464e4eab91,2022-11-07 13:50:30,20211130112717_ba5e934383b3cfe3201f9a1c1dc8531f,回锅肉,A,川渝风味
ed772d34-4469-4a71-be99-e0c8baa84d25,20220124150817_d66aa5b7e58c2b8233024123212401b3,2022-11-07,20221107150629_2d67ac98be3b922a3eeaaca79cd6cf12,2022-11-07 15:11:45,20220324135712_e682715c7e407613d077bba5bbd4dd15,干锅花菜,B,川渝风味
7a0e1282-25eb-47c0-9502-54271d5a2146,20220124150817_d66aa5b7e58c2b8233024123212401b3,2022-11-07,20221105074718_19772a6e16472679aa906347a92c7464,2022-11-07 19:06:22,20211124183320_0d3b5c32439446848c1afb3fb8c6cd1e,干锅包菜,B,川渝风味
e9e075d7-56f5-4945-9494-00fcaf0e1673,20220124150817_d66aa5b7e58c2b8233024123212401b3,2022-11-07,20221104202726_cdf5fa76f87e2f750799e028b609d5aa,2022-11-07 15:36:53,20211130112717_ba5e934383b3cfe3201f9a1c1dc8531f,回锅肉,B,川渝风味
3847eec1-b4b2-4db5-8ad7-b77818b50afc,20220124150817_d66aa5b7e58c2b8233024123212401b3,2022-11-07,20220531142020_9e56a9cf4ffc9019bd869b433c1fbb72,2022-11-07 08:50:37,20211203100748_9bf9250b6e803a84195c66bfeadfd1f8,鱼香肉丝,B,川渝风味
3ac1bcd9-e72a-4646-ab06-80f57ef44344,20220124150817_d66aa5b7e58c2b8233024123212401b3,2022-11-07,20221107191839_5cdb2330ed2a500bee7542e268ba7122,2022-11-07 19:28:41,20211130112717_ba5e934383b3cfe3201f9a1c1dc8531f,回锅肉,B,川渝风味
e6623c09-62f0-4924-a2cd-cca1663bbd25,20220124150817_d66aa5b7e58c2b8233024123212401b3,2022-11-07,20221105233816_cecf8916237b81f7fef81f5a83636725,2022-11-07 21:55:18,20211124183320_0d3b5c32439446848c1afb3fb8c6cd1e,干锅包菜,B,川渝风味
83bf0dff-1ec0-4f8a-bd43-37c743e58237,20220124150817_d66aa5b7e58c2b8233024123212401b3,2022-11-07,20221107133822_19da4caae03a1b13428bd2524b0e2df1,2022-11-07 20:09:29,20220324135712_e682715c7e407613d077bba5bbd4dd15,干锅花菜,A,川渝风味
879c2a88-155a-43d6-93aa-9c4cffb9d40a,20220124150817_d66aa5b7e58c2b8233024123212401b3,2022-11-07,20221020091657_8f8632172baa7ba62eb0597c494cff2c,2022-11-07 16:01:45,20211203100748_9bf9250b6e803a84195c66bfeadfd1f8,鱼香肉丝,B,川渝风味
e6623c09-62f0-4924-a2cd-cca1663bbd25,20220124150817_d66aa5b7e58c2b8233024123212401b3,2022-11-07,20221105233816_cecf8916237b81f7fef81f5a83636725,2022-11-07 21:55:15,20220324135712_e682715c7e407613d077bba5bbd4dd15,干锅花菜,B,川渝风味
476b0320-0bd2-4895-af2d-a95dd76db266,20220124150817_d66aa5b7e58c2b8233024123212401b3,2022-11-07,20221013170059_386111e5cf6d946d015f0253ed0afe55,2022-11-07 07:46:32,20220324135712_e682715c7e407613d077bba5bbd4dd15,干锅花菜,B,川渝风味
e144dba9-1b50-47bd-8283-2f2e025f06e0,20220124150817_d66aa5b7e58c2b8233024123212401b3,2022-11-07,20220818152838_36a8a5bc71c0e2110d9a90ee4fa732cc,2022-11-07 18:40:15,20211130112717_ba5e934383b3cfe3201f9a1c1dc8531f,回锅肉,B,川渝风味
a9b1bd3c-668a-424d-a240-f9e428992911,20220124150817_d66aa5b7e58c2b8233024123212401b3,2022-11-07,20221107145633_166d727daa0a0335d4b45ad0f1bdf7ea,2022-11-07 20:30:55,20211124183318_aa38f2a924e8f70eeaaac14364259bb3,鱼香茄子,A,川渝风味
05171225-75be-4652-b4f5-8bae6c2f23e7,20220124150817_d66aa5b7e58c2b8233024123212401b3,2022-11-07,20221102181324_2e716d14783181e7ce02aa655bcf6736,2022-11-07 16:32:55,20211115122950_4ce4a06a2546c696efe6c7d263f118bd,虎皮青椒,B,川渝风味
a7752962-e2b2-4165-895c-8f0b10c2ff50,20220124150817_d66aa5b7e58c2b8233024123212401b3,2022-11-07,20221106230911_25dcf7cbc0bc387a27bb8c8832ae6a51,2022-11-07 11:27:21,20211203100748_9bf9250b6e803a84195c66bfeadfd1f8,鱼香肉丝,B,川渝风味
8b0d4887-e60f-4a21-a42e-208a943e4d29,20220124150817_d66aa5b7e58c2b8233024123212401b3,2022-11-07,20221106122720_6aceb8166eef9c17c5ba006b6c230b52,2022-11-07 09:16:59,20211203100748_9bf9250b6e803a84195c66bfeadfd1f8,鱼香肉丝,B,川渝风味
a6658402-eafa-46bf-a370-6cb59cbcee39,20220124150817_d66aa5b7e58c2b8233024123212401b3,2022-11-07,20221104202726_cdf5fa76f87e2f750799e028b609d5aa,2022-11-07 16:12:46,20220324135712_e682715c7e407613d077bba5bbd4dd15,干锅花菜,B,川渝风味
a6658402-eafa-46bf-a370-6cb59cbcee39,20220124150817_d66aa5b7e58c2b8233024123212401b3,2022-11-07,20221104202726_cdf5fa76f87e2f750799e028b609d5aa,2022-11-07 16:13:45,20211130112717_ba5e934383b3cfe3201f9a1c1dc8531f,回锅肉,B,川渝风味
a6658402-eafa-46bf-a370-6cb59cbcee39,20220124150817_d66aa5b7e58c2b8233024123212401b3,2022-11-07,20221104202726_cdf5fa76f87e2f750799e028b609d5aa,2022-11-07 16:12:50,20211130112717_ba5e934383b3cfe3201f9a1c1dc8531f,回锅肉,B,川渝风味
db970de0-d6fb-49d8-b9e9-e19dd1cf783a,20220124150817_d66aa5b7e58c2b8233024123212401b3,2022-11-07,20221011133552_5060857995493c83d1b604faa31a8904,2022-11-07 15:38:51,20211115122950_4ce4a06a2546c696efe6c7d263f118bd,虎皮青椒,B,川渝风味
a2341f48-3ff6-4cb0-9a3f-fef9cc775d3d,20220124150817_d66aa5b7e58c2b8233024123212401b3,2022-11-07,20221107133822_19da4caae03a1b13428bd2524b0e2df1,2022-11-07 17:15:44,20211201154729_7b5ec0223ee7fa600667e2d1cdb3df04,麻婆豆腐,A,川渝风味
fa8410fd-8d00-43cd-baaa-29c98bac8523,20220124150817_d66aa5b7e58c2b8233024123212401b3,2022-11-07,20221106143716_6ba219e32f72b9b42373e25e248d0445,2022-11-07 08:02:37,20211124183320_0d3b5c32439446848c1afb3fb8c6cd1e,干锅包菜,A,川渝风味
9fee127a-9c59-4a31-b8dc-892dbbe60a92,20220124150817_d66aa5b7e58c2b8233024123212401b3,2022-11-07,20221104085214_c8a5b043f52d78a388dacd10989349ce,2022-11-07 19:09:08,20211130112717_ba5e934383b3cfe3201f9a1c1dc8531f,回锅肉,B,川渝风味
9fe8ca81-4050-496e-9c2a-a0dbd5821462,20220124150817_d66aa5b7e58c2b8233024123212401b3,2022-11-07,20221107123217_f41e234ca7d904879a9563c85eeeae47,2022-11-07 12:40:32,20211203100748_9bf9250b6e803a84195c66bfeadfd1f8,鱼香肉丝,B,川渝风味
48e4b7c9-cb7f-42f3-b716-19b0585b5651,20220124150817_d66aa5b7e58c2b8233024123212401b3,2022-11-07,20221106153152_5588a7a47f8799841a9497f6344dadfb,2022-11-07 08:31:31,20220324135712_e682715c7e407613d077bba5bbd4dd15,干锅花菜,B,川渝风味
938391ff-3312-4375-b612-7dd89ee3605f,20220124150817_d66aa5b7e58c2b8233024123212401b3,2022-11-07,20220806235113_2a40dddb193ca48b017f1bc60ed44527,2022-11-07 17:33:36,20211129142724_7ae493c779d9189ee2c99e3b1c6ffbe7,水煮肉片,B,川渝风味
99ec8c84-35a0-4e0e-a601-9fcb9825451d,20220124150817_d66aa5b7e58c2b8233024123212401b3,2022-11-07,20220913161107_cf62014f95cc709aa99d3a650c09cabb,2022-11-07 08:51:48,20211124183320_0d3b5c32439446848c1afb3fb8c6cd1e,干锅包菜,B,川渝风味
938391ff-3312-4375-b612-7dd89ee3605f,20220124150817_d66aa5b7e58c2b8233024123212401b3,2022-11-07,20220806235113_2a40dddb193ca48b017f1bc60ed44527,2022-11-07 17:34:01,20211215095058_85c542c44bcb8d9075358f594f71b4b9,金汤肥牛,B,川渝风味
940aba3e-bdcd-46ca-8e38-0f417e4ef832,20220124150817_d66aa5b7e58c2b8233024123212401b3,2022-11-07,20210811193833_7cd459631cbd87bfa0e0eb4b1f161a25,2022-11-07 14:44:43,20211124183320_0d3b5c32439446848c1afb3fb8c6cd1e,干锅包菜,B,川渝风味
5bcf339a-f8ba-4786-8794-eaac6014274a,20220124150817_d66aa5b7e58c2b8233024123212401b3,2022-11-07,20221107191839_5cdb2330ed2a500bee7542e268ba7122,2022-11-07 19:54:40,20211130112717_ba5e934383b3cfe3201f9a1c1dc8531f,回锅肉,B,川渝风味
10f87349-9384-4508-adc4-31208ea8409d,20220124150817_d66aa5b7e58c2b8233024123212401b3,2022-11-07,20221104141825_dc4ffbef876d942d3f1725e8bc84abe3,2022-11-07 10:16:02,20220324135712_e682715c7e407613d077bba5bbd4dd15,干锅花菜,B,川渝风味
d2c5829d-a8fc-4dd9-b3cb-3fcf29772106,20220124150817_d66aa5b7e58c2b8233024123212401b3,2022-11-07,20221022002602_8685392b8c36499e53dbedcfc6ee40bc,2022-11-07 00:56:49,20220324135712_e682715c7e407613d077bba5bbd4dd15,干锅花菜,B,川渝风味
ceabc81d-4ec7-41e3-a51a-e3daa6c46097,20220124150817_d66aa5b7e58c2b8233024123212401b3,2022-11-07,20221104214007_5c828e9065baaf393d357f0a2f46048f,2022-11-07 21:34:21,20211203100748_9bf9250b6e803a84195c66bfeadfd1f8,鱼香肉丝,A,川渝风味
f90f6926-5b18-427d-afe9-cb12bef14e06,20220124150817_d66aa5b7e58c2b8233024123212401b3,2022-11-07,20221104202726_cdf5fa76f87e2f750799e028b609d5aa,2022-11-07 15:27:47,20211130112717_ba5e934383b3cfe3201f9a1c1dc8531f,回锅肉,B,川渝风味
cd391e08-30f9-4ca0-b96f-bff65392af70,20220124150817_d66aa5b7e58c2b8233024123212401b3,2022-11-07,20211113131936_0130cd691b5f10936fcf467081e87732,2022-11-07 22:45:12,20211203100748_9bf9250b6e803a84195c66bfeadfd1f8,鱼香肉丝,B,川渝风味
c9712155-c7f3-4ef1-8830-0092ac6cfc74,20220124150817_d66aa5b7e58c2b8233024123212401b3,2022-11-07,20221103184239_ac3a79f3e098c82c6a534bdaeb887a98,2022-11-07 12:47:17,20211125140947_f49884b0951699c20f91c9e1ca092077,宫保鸡丁,B,川渝风味
5c2d704a-f348-4493-a57e-1f9e5119e844,20220124150817_d66aa5b7e58c2b8233024123212401b3,2022-11-07,20221106154834_c3b53fafb3c7cd4294bbfdaa95fc68a5,2022-11-07 00:42:02,20220324135712_e682715c7e407613d077bba5bbd4dd15,干锅花菜,A,川渝风味
f90f6926-5b18-427d-afe9-cb12bef14e06,20220124150817_d66aa5b7e58c2b8233024123212401b3,2022-11-07,20221104202726_cdf5fa76f87e2f750799e028b609d5aa,2022-11-07 15:30:25,20211130112717_ba5e934383b3cfe3201f9a1c1dc8531f,回锅肉,B,川渝风味
c0aeb768-8389-4aa5-b40b-a7bd51881f85,20220124150817_d66aa5b7e58c2b8233024123212401b3,2022-11-07,20221107224046_d5677dc285188554a41b4192169147b8,2022-11-07 23:06:23,20220324135712_e682715c7e407613d077bba5bbd4dd15,干锅花菜,A,川渝风味
15c047c9-c7f2-4bc4-9791-6d0b420c9178,20220124150817_d66aa5b7e58c2b8233024123212401b3,2022-11-07,20221107130022_1e0a043df2d22caeededf6567ee9c492,2022-11-07 13:04:02,20220324135712_e682715c7e407613d077bba5bbd4dd15,干锅花菜,B,川渝风味
63cacd93-d88c-4fdd-a4d8-d05ce1a7de75,20220124150817_d66aa5b7e58c2b8233024123212401b3,2022-11-07,20221105111631_26cf878eedb5c1650c860dfeaf972c54,2022-11-07 12:18:22,20211124183318_aa38f2a924e8f70eeaaac14364259bb3,鱼香茄子,B,川渝风味
6d123d2f-0ddf-4021-b1ea-70022cafd100,20220124150817_d66aa5b7e58c2b8233024123212401b3,2022-11-07,20221026195231_cf5226b5c97b085db1ad1d6914069cc7,2022-11-07 20:55:11,20220324135712_e682715c7e407613d077bba5bbd4dd15,干锅花菜,B,川渝风味
73632782-68f7-4143-ba59-404b1774153f,20220124150817_d66aa5b7e58c2b8233024123212401b3,2022-11-07,20221025132737_eb883f7f7a342bdc2890d342d4cb2b4f,2022-11-07 21:37:56,20211203100748_9bf9250b6e803a84195c66bfeadfd1f8,鱼香肉丝,B,川渝风味
26590627-de15-48b8-a78a-f84c65d1d872,20220124150817_d66aa5b7e58c2b8233024123212401b3,2022-11-07,20221104141825_dc4ffbef876d942d3f1725e8bc84abe3,2022-11-07 15:05:18,20211124183318_aa38f2a924e8f70eeaaac14364259bb3,鱼香茄子,B,川渝风味
b7fa7862-694a-4d22-b0f0-7514a790a1e7,20220124150817_d66aa5b7e58c2b8233024123212401b3,2022-11-07,20220221190626_0f321c9d5cb1e88d66b2e58d06502ed7,2022-11-07 21:43:42,20220324135712_e682715c7e407613d077bba5bbd4dd15,干锅花菜,B,川渝风味
b7fa7862-694a-4d22-b0f0-7514a790a1e7,20220124150817_d66aa5b7e58c2b8233024123212401b3,2022-11-07,20220221190626_0f321c9d5cb1e88d66b2e58d06502ed7,2022-11-07 21:42:38,20220324135712_e682715c7e407613d077bba5bbd4dd15,干锅花菜,B,川渝风味
b7fa7862-694a-4d22-b0f0-7514a790a1e7,20220124150817_d66aa5b7e58c2b8233024123212401b3,2022-11-07,20220221190626_0f321c9d5cb1e88d66b2e58d06502ed7,2022-11-07 21:42:57,20220324135712_e682715c7e407613d077bba5bbd4dd15,干锅花菜,B,川渝风味
b7fa7862-694a-4d22-b0f0-7514a790a1e7,20220124150817_d66aa5b7e58c2b8233024123212401b3,2022-11-07,20220221190626_0f321c9d5cb1e88d66b2e58d06502ed7,2022-11-07 21:44:07,20220324135712_e682715c7e407613d077bba5bbd4dd15,干锅花菜,B,川渝风味
b5ddd3c7-c871-4a9e-9fad-bfe0c228950e,20220124150817_d66aa5b7e58c2b8233024123212401b3,2022-11-07,20220826095407_e3a44866178e836b66815f246568cc54,2022-11-07 10:08:39,20220324135712_e682715c7e407613d077bba5bbd4dd15,干锅花菜,B,川渝风味
b41f4f75-d12b-49c9-80ca-3abc7746be9e,20220124150817_d66aa5b7e58c2b8233024123212401b3,2022-11-07,20221020091657_8f8632172baa7ba62eb0597c494cff2c,2022-11-07 14:30:50,20211203100748_9bf9250b6e803a84195c66bfeadfd1f8,鱼香肉丝,B,川渝风味
3847eec1-b4b2-4db5-8ad7-b77818b50afc,20220124150817_d66aa5b7e58c2b8233024123212401b3,2022-11-07,20220531142020_9e56a9cf4ffc9019bd869b433c1fbb72,2022-11-07 08:54:01,20211124183318_aa38f2a924e8f70eeaaac14364259bb3,鱼香茄子,B,川渝风味
0513f3b0-8129-412c-8940-28339b68400d,20220124150845_937cc36432b395f1a2f664bfa738ac4f,2022-11-07,20220622224846_433b597072f1f9aea3d89cbe75d1e320,2022-11-07 11:58:17,20211217113304_b5528e8c5eca28d94f77d67a78d14e16,青椒炒蛋,B,快手家常菜
fe3e906b-293a-4b2c-8926-e502a102a069,20220124150845_937cc36432b395f1a2f664bfa738ac4f,2022-11-07,20210705160602_fbe013dd7adfcfc73c5fd29fc98bee80,2022-11-07 06:25:52,20211125170244_49f69cbaac380eeb3ca54ba87fc15b09,酸辣土豆丝,B,快手家常菜
fe3e906b-293a-4b2c-8926-e502a102a069,20220124150845_937cc36432b395f1a2f664bfa738ac4f,2022-11-07,20210705160602_fbe013dd7adfcfc73c5fd29fc98bee80,2022-11-07 06:28:41,20211217113304_b5528e8c5eca28d94f77d67a78d14e16,青椒炒蛋,B,快手家常菜
f90f6926-5b18-427d-afe9-cb12bef14e06,20220124150845_937cc36432b395f1a2f664bfa738ac4f,2022-11-07,20221104202726_cdf5fa76f87e2f750799e028b609d5aa,2022-11-07 15:24:33,20211110143656_6a9cdbd54023df018dc53b3a27ff5e0f,油焖茄子,B,快手家常菜
f90f6926-5b18-427d-afe9-cb12bef14e06,20220124150845_937cc36432b395f1a2f664bfa738ac4f,2022-11-07,20221104202726_cdf5fa76f87e2f750799e028b609d5aa,2022-11-07 15:30:39,20211110143656_6a9cdbd54023df018dc53b3a27ff5e0f,油焖茄子,B,快手家常菜
f803c4e2-6f70-4337-934b-d9da70eb96ce,20220124150845_937cc36432b395f1a2f664bfa738ac4f,2022-11-07,20220622224846_433b597072f1f9aea3d89cbe75d1e320,2022-11-07 22:08:23,20211201131418_5c785870ca744c19521af65ab83fe2e4,蚝油生菜,B,快手家常菜
f803c4e2-6f70-4337-934b-d9da70eb96ce,20220124150845_937cc36432b395f1a2f664bfa738ac4f,2022-11-07,20220622224846_433b597072f1f9aea3d89cbe75d1e320,2022-11-07 22:05:52,20211217113304_b5528e8c5eca28d94f77d67a78d14e16,青椒炒蛋,B,快手家常菜
f3bc5317-f087-40dc-8fc9-35477b6cfd10,20220124150845_937cc36432b395f1a2f664bfa738ac4f,2022-11-07,20221024001553_05b4a7d61a8644df08d26b2842213118,2022-11-07 17:05:22,20220119104737_fb052a26141672dfd966822ea01199ea,辣椒炒肉,B,快手家常菜
f36eb6da-4aca-4b60-9f86-b03d422f360b,20220124150845_937cc36432b395f1a2f664bfa738ac4f,2022-11-07,20221105211725_91730814d18ddb3b116a8114eba707cb,2022-11-07 08:25:33,20211110135115_1083e60f3df429d0fafb9441fef7abba,蒜蓉菠菜,B,快手家常菜
de118b3b-5b4d-40d8-9356-f0aed30e74f2,20220124150845_937cc36432b395f1a2f664bfa738ac4f,2022-11-07,20220822111752_9f090bd8a72f4a98440dee78c1dc96d0,2022-11-07 20:51:21,20211217113304_b5528e8c5eca28d94f77d67a78d14e16,青椒炒蛋,B,快手家常菜
d798c332-70ab-432d-a9f1-0c9f7077bd3f,20220124150845_937cc36432b395f1a2f664bfa738ac4f,2022-11-07,20221103154445_3d7b25d325437b4d6588aec2548bec1c,2022-11-07 20:05:44,20211217113304_b5528e8c5eca28d94f77d67a78d14e16,青椒炒蛋,B,快手家常菜
d2c5829d-a8fc-4dd9-b3cb-3fcf29772106,20220124150845_937cc36432b395f1a2f664bfa738ac4f,2022-11-07,20221022002602_8685392b8c36499e53dbedcfc6ee40bc,2022-11-07 00:54:57,20211110143656_6a9cdbd54023df018dc53b3a27ff5e0f,油焖茄子,B,快手家常菜
cd391e08-30f9-4ca0-b96f-bff65392af70,20220124150845_937cc36432b395f1a2f664bfa738ac4f,2022-11-07,20211113131936_0130cd691b5f10936fcf467081e87732,2022-11-07 22:43:26,20211110143656_6a9cdbd54023df018dc53b3a27ff5e0f,油焖茄子,B,快手家常菜
c0aeb768-8389-4aa5-b40b-a7bd51881f85,20220124150845_937cc36432b395f1a2f664bfa738ac4f,2022-11-07,20221107224046_d5677dc285188554a41b4192169147b8,2022-11-07 23:13:25,20211110143656_6a9cdbd54023df018dc53b3a27ff5e0f,油焖茄子,A,快手家常菜
c05b83e7-d389-4858-b301-80253865eab1,20220124150845_937cc36432b395f1a2f664bfa738ac4f,2022-11-07,20210903195717_5b0f86dd77da1b5912e00f420ef55d87,2022-11-07 15:34:53,20211201131418_5c785870ca744c19521af65ab83fe2e4,蚝油生菜,B,快手家常菜
b7fa7862-694a-4d22-b0f0-7514a790a1e7,20220124150845_937cc36432b395f1a2f664bfa738ac4f,2022-11-07,20220221190626_0f321c9d5cb1e88d66b2e58d06502ed7,2022-11-07 21:42:24,20211110143656_6a9cdbd54023df018dc53b3a27ff5e0f,油焖茄子,B,快手家常菜
b1bf059a-dcf8-4cb5-861b-9a5ed82361be,20220124150845_937cc36432b395f1a2f664bfa738ac4f,2022-11-07,20221107130740_b86f515b8b4d87d0220cc5aec22b79e7,2022-11-07 13:17:15,20211110143656_6a9cdbd54023df018dc53b3a27ff5e0f,油焖茄子,A,快手家常菜
b19b06ca-2b1e-49c0-9399-e7e57f7c8bfc,20220124150845_937cc36432b395f1a2f664bfa738ac4f,2022-11-07,20201217194301_3b045fe13f60d16617bbb64631b2895f,2022-11-07 23:25:14,20211125170244_49f69cbaac380eeb3ca54ba87fc15b09,酸辣土豆丝,A,快手家常菜
b134188d-5876-4ac4-9bf0-0b2e743a737c,20220124150845_937cc36432b395f1a2f664bfa738ac4f,2022-11-07,20221106163010_633d4a48d96c6a04c1ec2570bb6d7a65,2022-11-07 18:57:57,20220119104737_fb052a26141672dfd966822ea01199ea,辣椒炒肉,B,快手家常菜
ae4cc52f-7d67-406b-b946-c21d7f6d0f0b,20220124150845_937cc36432b395f1a2f664bfa738ac4f,2022-11-07,20220622224846_433b597072f1f9aea3d89cbe75d1e320,2022-11-07 18:36:56,20220119104737_fb052a26141672dfd966822ea01199ea,辣椒炒肉,B,快手家常菜
ad472e15-c8be-4b47-b86c-4299baf3aaf7,20220124150845_937cc36432b395f1a2f664bfa738ac4f,2022-11-07,20221103154445_3d7b25d325437b4d6588aec2548bec1c,2022-11-07 18:49:36,20211217113304_b5528e8c5eca28d94f77d67a78d14e16,青椒炒蛋,B,快手家常菜
ad472e15-c8be-4b47-b86c-4299baf3aaf7,20220124150845_937cc36432b395f1a2f664bfa738ac4f,2022-11-07,20221103154445_3d7b25d325437b4d6588aec2548bec1c,2022-11-07 14:52:12,20211217113304_b5528e8c5eca28d94f77d67a78d14e16,青椒炒蛋,B,快手家常菜
aa7eff33-7c40-4ff5-83ad-b53e52907c33,20220124150845_937cc36432b395f1a2f664bfa738ac4f,2022-11-07,20220826095407_e3a44866178e836b66815f246568cc54,2022-11-07 14:35:38,20211125170244_49f69cbaac380eeb3ca54ba87fc15b09,酸辣土豆丝,B,快手家常菜
a9b1bd3c-668a-424d-a240-f9e428992911,20220124150845_937cc36432b395f1a2f664bfa738ac4f,2022-11-07,20221107145633_166d727daa0a0335d4b45ad0f1bdf7ea,2022-11-07 20:29:26,20211110143656_6a9cdbd54023df018dc53b3a27ff5e0f,油焖茄子,A,快手家常菜
a9b1bd3c-668a-424d-a240-f9e428992911,20220124150845_937cc36432b395f1a2f664bfa738ac4f,2022-11-07,20221107145633_166d727daa0a0335d4b45ad0f1bdf7ea,2022-11-07 20:29:01,20211125170244_49f69cbaac380eeb3ca54ba87fc15b09,酸辣土豆丝,A,快手家常菜
a82e650e-7036-4ff7-b31c-87da061b708c,20220124150845_937cc36432b395f1a2f664bfa738ac4f,2022-11-07,20221107212053_26cc5b52342786b0a4e70492a8272b8c,2022-11-07 21:42:29,20211110143656_6a9cdbd54023df018dc53b3a27ff5e0f,油焖茄子,A,快手家常菜
a57c79b5-da8f-41b8-813b-d45c70103512,20220124150845_937cc36432b395f1a2f664bfa738ac4f,2022-11-07,20221107212210_ff291a1cadfe1ca06bdec3f362f1d8f5,2022-11-07 23:26:21,20211125170244_49f69cbaac380eeb3ca54ba87fc15b09,酸辣土豆丝,A,快手家常菜
9fee127a-9c59-4a31-b8dc-892dbbe60a92,20220124150845_937cc36432b395f1a2f664bfa738ac4f,2022-11-07,20221104085214_c8a5b043f52d78a388dacd10989349ce,2022-11-07 19:08:36,20211125170244_49f69cbaac380eeb3ca54ba87fc15b09,酸辣土豆丝,B,快手家常菜
9fb6004c-8974-4216-b714-0ea74a89fe5b,20220124150845_937cc36432b395f1a2f664bfa738ac4f,2022-11-07,20220315210915_de355e3f55f760d3b6a1f4c2fd340291,2022-11-07 11:37:29,20211110143656_6a9cdbd54023df018dc53b3a27ff5e0f,油焖茄子,B,快手家常菜
961f3b74-5f18-4f70-a845-37de66f624ac,20220124150845_937cc36432b395f1a2f664bfa738ac4f,2022-11-07,20210112194453_de64b5dd2b583bc378865f72e260fcc7,2022-11-07 16:11:49,20220119104737_fb052a26141672dfd966822ea01199ea,辣椒炒肉,B,快手家常菜
8ffe14db-ead5-47c4-b433-319da90c2930,20220124150845_937cc36432b395f1a2f664bfa738ac4f,2022-11-07,20221107222231_2fcf401c86243c1dadadb69526b3d934,2022-11-07 22:25:59,20220119104737_fb052a26141672dfd966822ea01199ea,辣椒炒肉,A,快手家常菜
882cfb06-1e76-4279-9a57-81159f504d84,20220124150845_937cc36432b395f1a2f664bfa738ac4f,2022-11-07,20220825235559_c55a5be75d94ac68f1c7696c022956f1,2022-11-07 23:56:27,20211110143656_6a9cdbd54023df018dc53b3a27ff5e0f,油焖茄子,B,快手家常菜
83bf0dff-1ec0-4f8a-bd43-37c743e58237,20220124150845_937cc36432b395f1a2f664bfa738ac4f,2022-11-07,20221107133822_19da4caae03a1b13428bd2524b0e2df1,2022-11-07 19:46:54,20211217113304_b5528e8c5eca28d94f77d67a78d14e16,青椒炒蛋,A,快手家常菜
820945bd-2592-4048-b4fb-f3cab9ee2d50,20220124150845_937cc36432b395f1a2f664bfa738ac4f,2022-11-07,20221107130740_b86f515b8b4d87d0220cc5aec22b79e7,2022-11-07 13:31:04,20211110143656_6a9cdbd54023df018dc53b3a27ff5e0f,油焖茄子,A,快手家常菜
77dd753b-5bf0-419f-9c60-b41b7e6d2fa1,20220124150845_937cc36432b395f1a2f664bfa738ac4f,2022-11-07,20221105065727_333549e38a40d3e629f997c2906e02b3,2022-11-07 17:32:11,20211201131418_5c785870ca744c19521af65ab83fe2e4,蚝油生菜,B,快手家常菜
77dd753b-5bf0-419f-9c60-b41b7e6d2fa1,20220124150845_937cc36432b395f1a2f664bfa738ac4f,2022-11-07,20221105065727_333549e38a40d3e629f997c2906e02b3,2022-11-07 17:32:49,20220105155437_04961a9885801579c29d89122accd836,芹菜牛肉丝,B,快手家常菜
7585af2b-3f3f-485c-a6e8-8be6de63387a,20220124150845_937cc36432b395f1a2f664bfa738ac4f,2022-11-07,20220814100249_ba06005e1b0c13e0f00f59b2e0212b28,2022-11-07 22:31:10,20211217113304_b5528e8c5eca28d94f77d67a78d14e16,青椒炒蛋,A,快手家常菜
7080a6f8-42af-4049-9a0b-0a0eeebdc020,20220124150845_937cc36432b395f1a2f664bfa738ac4f,2022-11-07,20220609191750_87b0e13dada7124705bc5ad72fbad52e,2022-11-07 08:24:40,20211110143656_6a9cdbd54023df018dc53b3a27ff5e0f,油焖茄子,B,快手家常菜
6d123d2f-0ddf-4021-b1ea-70022cafd100,20220124150845_937cc36432b395f1a2f664bfa738ac4f,2022-11-07,20221026195231_cf5226b5c97b085db1ad1d6914069cc7,2022-11-07 20:52:17,20211110143656_6a9cdbd54023df018dc53b3a27ff5e0f,油焖茄子,B,快手家常菜
6bc0d453-c97e-43ba-8ced-a3bdd2bf1d77,20220124150845_937cc36432b395f1a2f664bfa738ac4f,2022-11-07,20221004182048_5e7e672c5067df686e15b134cf693683,2022-11-07 17:26:51,20211217113304_b5528e8c5eca28d94f77d67a78d14e16,青椒炒蛋,B,快手家常菜
6a46820f-1cd3-4850-8b3d-b773135e92e1,20220124150845_937cc36432b395f1a2f664bfa738ac4f,2022-11-07,20220702234510_b9da994ef10c7ea7632a9c451541b96f,2022-11-07 21:41:49,20220119104737_fb052a26141672dfd966822ea01199ea,辣椒炒肉,B,快手家常菜
67683aef-d9ce-4ed0-8d18-31476e65535b,20220124150845_937cc36432b395f1a2f664bfa738ac4f,2022-11-07,20221104214007_5c828e9065baaf393d357f0a2f46048f,2022-11-07 22:43:08,20211130102404_805c39747474e88e5fe7bb353b44312e,西红柿炒蛋,A,快手家常菜
61c44961-1635-41cb-bf14-738e28f14a1c,20220124150845_937cc36432b395f1a2f664bfa738ac4f,2022-11-07,20220704131255_b633f1535e052db2b4a278636a09b95f,2022-11-07 21:19:45,20220119104737_fb052a26141672dfd966822ea01199ea,辣椒炒肉,B,快手家常菜
5d7d775d-fbf0-46c1-b4ea-21f79b926fe3,20220124150845_937cc36432b395f1a2f664bfa738ac4f,2022-11-07,20220605115753_74567c8f3a34a222fede3c80edb4f895,2022-11-07 12:22:43,20220105155437_04961a9885801579c29d89122accd836,芹菜牛肉丝,B,快手家常菜
4be5ee56-e022-4a88-a486-26c19708a85f,20220124150845_937cc36432b395f1a2f664bfa738ac4f,2022-11-07,20221106134639_de367408f458fcd163a28fdade11ca16,2022-11-07 19:05:07,20211125170244_49f69cbaac380eeb3ca54ba87fc15b09,酸辣土豆丝,B,快手家常菜
49ed8e56-42c9-4668-8924-da9abb807b9a,20220124150845_937cc36432b395f1a2f664bfa738ac4f,2022-11-07,20221104214007_5c828e9065baaf393d357f0a2f46048f,2022-11-07 21:15:06,20211110143656_6a9cdbd54023df018dc53b3a27ff5e0f,油焖茄子,A,快手家常菜
49ce6240-9943-4e76-ab74-8c3f6eae9a52,20220124150845_937cc36432b395f1a2f664bfa738ac4f,2022-11-07,20220530152826_808d78674cb77d8c73e63294535a0aa4,2022-11-07 20:02:19,20211217113304_b5528e8c5eca28d94f77d67a78d14e16,青椒炒蛋,A,快手家常菜
4362f59e-2053-42c0-a800-cb9daba420c9,20220124150845_937cc36432b395f1a2f664bfa738ac4f,2022-11-07,20221104154639_be13ce4a6888c560ead84c627db01a48,2022-11-07 06:05:42,20211201131418_5c785870ca744c19521af65ab83fe2e4,蚝油生菜,B,快手家常菜
428e6da9-6513-4dfb-83b4-26274cf0432a,20220124150845_937cc36432b395f1a2f664bfa738ac4f,2022-11-07,20210602113700_c82a83a3bce53c8c7cadc6694e649f96,2022-11-07 00:02:02,20211217113304_b5528e8c5eca28d94f77d67a78d14e16,青椒炒蛋,B,快手家常菜
3e7166e6-500c-4368-9893-12f1ab568aa2,20220124150845_937cc36432b395f1a2f664bfa738ac4f,2022-11-07,20221014153210_aac29dbe63e8d357d1a94a7bcfcf5e78,2022-11-07 17:09:27,20211217113304_b5528e8c5eca28d94f77d67a78d14e16,青椒炒蛋,B,快手家常菜
307cf3c3-316d-41f4-8fa4-0b585c46208b,20220124150845_937cc36432b395f1a2f664bfa738ac4f,2022-11-07,20220929174002_73731e64c99d556324386793ab07a541,2022-11-07 16:00:57,20220119104737_fb052a26141672dfd966822ea01199ea,辣椒炒肉,B,快手家常菜
2fd3c9e9-dcbb-4632-903b-e104332bf6d4,20220124150845_937cc36432b395f1a2f664bfa738ac4f,2022-11-07,20221107163040_9a917c6b8ac0e672b653765602a9cf53,2022-11-07 22:52:44,20211201131418_5c785870ca744c19521af65ab83fe2e4,蚝油生菜,B,快手家常菜
28e1ce14-d261-478e-89b7-a364fc62b7fe,20220124150845_937cc36432b395f1a2f664bfa738ac4f,2022-11-07,20221012011823_c40667ebb99c03ce1918a0c65a663ccf,2022-11-07 17:55:11,20211110143656_6a9cdbd54023df018dc53b3a27ff5e0f,油焖茄子,B,快手家常菜
27958a83-f301-4358-bd14-89465a5fbeef,20220124150845_937cc36432b395f1a2f664bfa738ac4f,2022-11-07,20221005091639_4ce3a4bc218667afccb394c914ee8f71,2022-11-07 12:12:54,20220119104737_fb052a26141672dfd966822ea01199ea,辣椒炒肉,B,快手家常菜
209a2788-b9d6-4f7d-9e12-3055141112c6,20220124150845_937cc36432b395f1a2f664bfa738ac4f,2022-11-07,20221104214007_5c828e9065baaf393d357f0a2f46048f,2022-11-07 20:40:17,20211110143656_6a9cdbd54023df018dc53b3a27ff5e0f,油焖茄子,A,快手家常菜
1c223116-f746-4a85-aea6-76bb13798049,20220124150845_937cc36432b395f1a2f664bfa738ac4f,2022-11-07,20211114152120_b7529e485a1bc69bf726702aa4513d17,2022-11-07 13:21:35,20211110143656_6a9cdbd54023df018dc53b3a27ff5e0f,油焖茄子,A,快手家常菜
1b84187a-5c33-4e2d-920c-c770b7272c75,20220124150845_937cc36432b395f1a2f664bfa738ac4f,2022-11-07,20210112194453_de64b5dd2b583bc378865f72e260fcc7,2022-11-07 13:09:14,20211201154729_7b5ec0223ee7fa600667e2d1cdb3df04,麻婆豆腐,B,快手家常菜
19496c4d-0c48-4b8f-97f0-469408cca0d2,20220124150845_937cc36432b395f1a2f664bfa738ac4f,2022-11-07,20221107133822_19da4caae03a1b13428bd2524b0e2df1,2022-11-07 14:49:13,20211125170244_49f69cbaac380eeb3ca54ba87fc15b09,酸辣土豆丝,A,快手家常菜
0c3160fc-3e90-48de-9351-e52ad9933ba7,20220124150845_937cc36432b395f1a2f664bfa738ac4f,2022-11-07,20220621112201_6f97abd2d31e88d41cc1f79780c28a85,2022-11-07 17:50:49,20211217113304_b5528e8c5eca28d94f77d67a78d14e16,青椒炒蛋,B,快手家常菜
0bfe4e9b-6afd-42ef-8373-07919483bb03,20220124150845_937cc36432b395f1a2f664bfa738ac4f,2022-11-07,20221102225956_3eb314f31633cf883016550feb0dad65,2022-11-07 11:34:00,20211110143656_6a9cdbd54023df018dc53b3a27ff5e0f,油焖茄子,B,快手家常菜
0a8caa25-7a27-428e-9443-d10bf18b85dd,20220124150845_937cc36432b395f1a2f664bfa738ac4f,2022-11-07,20221028161218_c80a0e8381d4df54cab88aee79964d07,2022-11-07 18:48:55,20211110143656_6a9cdbd54023df018dc53b3a27ff5e0f,油焖茄子,B,快手家常菜
0647b0e1-2205-4bcb-93e4-1554542e26f3,20220124150845_937cc36432b395f1a2f664bfa738ac4f,2022-11-07,20221010194806_2de212fb6810f8fb73938cb55907636d,2022-11-07 14:28:55,20220119104737_fb052a26141672dfd966822ea01199ea,辣椒炒肉,B,快手家常菜
0513f3b0-8129-412c-8940-28339b68400d,20220124150845_937cc36432b395f1a2f664bfa738ac4f,2022-11-07,20220622224846_433b597072f1f9aea3d89cbe75d1e320,2022-11-07 11:59:10,20211110143656_6a9cdbd54023df018dc53b3a27ff5e0f,油焖茄子,B,快手家常菜
8df1c6ef-c1fa-4948-9655-0c6e7ee3ffe8,220124135607,2022-11-07,20221106200157_af2262ddcaa84763889c2c852e9eb80c,2022-11-07 12:15:14,20211122150618_de40f04c8eba47ed67c223d4024e33ab,糖醋包菜,A,简单不翻车
26b7b6ac-b5ad-46f2-bb41-5ffd45e66be1,220124135607,2022-11-07,20220315180429_2c10a52ce07ab7d9fbd87ea576735f57,2022-11-07 14:16:58,20211129175801_93a9cba282275c5445b37d7e65aa081b,蒜蓉菜心,A,简单不翻车
1fa03f2c-ab4b-48c6-a74f-6990eab3ded0,220124135607,2022-11-07,20221102134638_ff641bebbab0195a94d3707a1bed01d1,2022-11-07 09:29:25,20211122150618_de40f04c8eba47ed67c223d4024e33ab,糖醋包菜,A,简单不翻车
1fa03f2c-ab4b-48c6-a74f-6990eab3ded0,220124135607,2022-11-07,20221102134638_ff641bebbab0195a94d3707a1bed01d1,2022-11-07 09:30:31,20211122150618_de40f04c8eba47ed67c223d4024e33ab,糖醋包菜,A,简单不翻车
1cb9ea9a-b650-41cc-a715-6adebe96dcad,220124135607,2022-11-07,20221103174830_b64ceb3c31121d9d046dd23975a675fd,2022-11-07 14:41:45,20211124183311_02a19596bf678f74939d5dff3511a89c,肉末茄子,A,简单不翻车
6a894e34-1bdc-4730-94d8-f6b522e1684d,220124135607,2022-11-07,20221102134638_ff641bebbab0195a94d3707a1bed01d1,2022-11-07 09:49:36,20211130102404_805c39747474e88e5fe7bb353b44312e,西红柿炒蛋,A,简单不翻车
9c5349d1-0ffa-44f8-aef7-a96987f99c7b,220124135607,2022-11-07,20220816144228_bd08e853e314a40a1936f46dc292d1fb,2022-11-07 21:12:32,20211124183311_02a19596bf678f74939d5dff3511a89c,肉末茄子,A,简单不翻车
26b7b6ac-b5ad-46f2-bb41-5ffd45e66be1,220124135607,2022-11-07,20220315180429_2c10a52ce07ab7d9fbd87ea576735f57,2022-11-07 14:17:23,20211130102404_805c39747474e88e5fe7bb353b44312e,西红柿炒蛋,A,简单不翻车
b1565fa7-e753-4653-90e6-662d748798ee,220124135607,2022-11-07,20221011104824_73e8d2575ff19abbcd753aafebfb159b,2022-11-07 12:07:46,20211122150618_de40f04c8eba47ed67c223d4024e33ab,糖醋包菜,A,简单不翻车
469eb67b-8d26-4511-aae0-36fcfba91831,220124140121,2022-11-07,20220407160729_79178a8f96316d307ca1e379c2959c53,2022-11-07 14:04:04,20211124183305_c96e9fb267149983bab7bb5861f56cba,蒜香蜜汁鸡腿,A,肉食主义
ffdc14af-5ca0-467d-9384-b6094c868a7d,220124140121,2022-11-07,20221003123704_9211a670f3803478f4e7d776f6030f4c,2022-11-07 13:29:50,20211215110430_2e0e6cdf5dc0a9751b8a7744f0feed9c,小炒黄牛肉,A,肉食主义
698d1251-4cec-48e4-9ee5-bc888921004f,220124140121,2022-11-07,20221009135703_54bc785d1f5461ceab271803323a0f03,2022-11-07 10:44:07,20211130112717_ba5e934383b3cfe3201f9a1c1dc8531f,回锅肉,A,肉食主义
e7be5c09-4c54-4d12-87d0-24e8d6f93cc8,220124140121,2022-11-07,20220613103051_8eda3c3f953720fc7cd07d7ec0d568d9,2022-11-07 09:26:52,20211215110430_2e0e6cdf5dc0a9751b8a7744f0feed9c,小炒黄牛肉,A,肉食主义
ab0c7068-6ae2-41eb-854e-163c41df86a1,220124140121,2022-11-07,20221026115125_76f1580aa94a8fc300a0c9496fa5d798,2022-11-07 18:57:22,20211130112717_ba5e934383b3cfe3201f9a1c1dc8531f,回锅肉,A,肉食主义
e7be5c09-4c54-4d12-87d0-24e8d6f93cc8,220124140121,2022-11-07,20220613103051_8eda3c3f953720fc7cd07d7ec0d568d9,2022-11-07 09:26:37,20211125140947_f49884b0951699c20f91c9e1ca092077,宫保鸡丁,A,肉食主义
12225d8d-ed19-4559-b051-70b5e7c0ead3,220124140121,2022-11-07,20221106014443_31f30644744dd4bba14b7a1d8dc8378d,2022-11-07 09:56:21,20211215110430_2e0e6cdf5dc0a9751b8a7744f0feed9c,小炒黄牛肉,A,肉食主义
89e39b9c-5185-49dc-bfe2-313e6737fdf6,220124140121,2022-11-07,20221026115125_76f1580aa94a8fc300a0c9496fa5d798,2022-11-07 19:02:35,20220216133507_27a9886da6bd1fabe05898b87b68d60c,辣炒鱿鱼,A,肉食主义
469eb67b-8d26-4511-aae0-36fcfba91831,220124140121,2022-11-07,20220407160729_79178a8f96316d307ca1e379c2959c53,2022-11-07 14:07:14,20211130112717_ba5e934383b3cfe3201f9a1c1dc8531f,回锅肉,A,肉食主义
12225d8d-ed19-4559-b051-70b5e7c0ead3,220124140121,2022-11-07,20221106014443_31f30644744dd4bba14b7a1d8dc8378d,2022-11-07 09:57:07,20211215110430_2e0e6cdf5dc0a9751b8a7744f0feed9c,小炒黄牛肉,A,肉食主义
d6d453aa-6c9e-4cd7-9eac-f76a8d0aa9de,220124140121,2022-11-07,20221026115125_76f1580aa94a8fc300a0c9496fa5d798,2022-11-07 19:13:00,20211130112717_ba5e934383b3cfe3201f9a1c1dc8531f,回锅肉,A,肉食主义
89e39b9c-5185-49dc-bfe2-313e6737fdf6,220124140121,2022-11-07,20221026115125_76f1580aa94a8fc300a0c9496fa5d798,2022-11-07 19:02:37,20211130112717_ba5e934383b3cfe3201f9a1c1dc8531f,回锅肉,A,肉食主义
469eb67b-8d26-4511-aae0-36fcfba91831,220124140121,2022-11-07,20220407160729_79178a8f96316d307ca1e379c2959c53,2022-11-07 14:05:39,20211130112717_ba5e934383b3cfe3201f9a1c1dc8531f,回锅肉,A,肉食主义
73985192-c58f-461c-9805-f760939a23c8,220124140121,2022-11-07,20221026131916_6f974852dbf5ac90cbdf3d5e5f12214c,2022-11-07 11:59:23,20211215110430_2e0e6cdf5dc0a9751b8a7744f0feed9c,小炒黄牛肉,A,肉食主义
89e39b9c-5185-49dc-bfe2-313e6737fdf6,220124140121,2022-11-07,20221026115125_76f1580aa94a8fc300a0c9496fa5d798,2022-11-07 19:00:53,20211130112717_ba5e934383b3cfe3201f9a1c1dc8531f,回锅肉,A,肉食主义
a6f042dd-5415-4674-9bd6-3e1ffc1c51e5,220124140121,2022-11-07,20221009135703_54bc785d1f5461ceab271803323a0f03,2022-11-07 10:44:54,20211130112717_ba5e934383b3cfe3201f9a1c1dc8531f,回锅肉,A,肉食主义
58992ffb-c177-4036-9ba3-8ee370d704e2,220124140121,2022-11-07,20220813201334_95e122796f8a6ec46ae356685979bc11,2022-11-07 14:41:30,20211215110430_2e0e6cdf5dc0a9751b8a7744f0feed9c,小炒黄牛肉,A,肉食主义
719b47de-7f73-4fe1-a8f5-1cabed897b70,220124145524,2022-11-07,20201104210027_3305e5fb9ac1745300000cec3029191a,2022-11-07 16:51:05,20211201154729_7b5ec0223ee7fa600667e2d1cdb3df04,麻婆豆腐,A,快手家常菜
6e481de2-6ac5-4200-91a5-15d12770e5c8,220124145524,2022-11-07,20220520230119_23700cba3687cf2169eb65712984a6d6,2022-11-07 12:39:36,20211124183257_6175314b75dcaff2ed9605d4c5315859,茄汁花菜,A,快手家常菜
6d3da229-0b1c-487a-b2cb-b351960516d6,220124145524,2022-11-07,20221103181427_bc55a3d0f5dc1825562e91e0df7339da,2022-11-07 15:46:51,20211130102404_805c39747474e88e5fe7bb353b44312e,西红柿炒蛋,A,快手家常菜
6c2bdc7e-83cb-4035-9309-bfc4ef3871a1,220124145524,2022-11-07,20221105181323_b97a5062649cff0c01300590066a62af,2022-11-07 17:37:56,20211124183257_6175314b75dcaff2ed9605d4c5315859,茄汁花菜,A,快手家常菜
6c2bdc7e-83cb-4035-9309-bfc4ef3871a1,220124145524,2022-11-07,20221105181323_b97a5062649cff0c01300590066a62af,2022-11-07 17:37:38,20211125170244_49f69cbaac380eeb3ca54ba87fc15b09,酸辣土豆丝,A,快手家常菜
5f96df1d-0c43-4951-9a86-d945f76eef18,220124145524,2022-11-07,20220323120406_f5f8972a6e3a8bcc6dfd5f3ebdfed8bb,2022-11-07 20:43:47,20211130102404_805c39747474e88e5fe7bb353b44312e,西红柿炒蛋,A,快手家常菜
5caa256a-7dc5-4a04-822e-0b566b7e1561,220124145524,2022-11-07,20221105180431_4d796cb84af636057aa55641f1a4e57e,2022-11-07 08:14:53,20211217113304_b5528e8c5eca28d94f77d67a78d14e16,青椒炒蛋,A,快手家常菜
5caa256a-7dc5-4a04-822e-0b566b7e1561,220124145524,2022-11-07,20221105180431_4d796cb84af636057aa55641f1a4e57e,2022-11-07 08:02:59,20211217113304_b5528e8c5eca28d94f77d67a78d14e16,青椒炒蛋,A,快手家常菜
5caa256a-7dc5-4a04-822e-0b566b7e1561,220124145524,2022-11-07,20221105180431_4d796cb84af636057aa55641f1a4e57e,2022-11-07 08:05:46,20211110143656_6a9cdbd54023df018dc53b3a27ff5e0f,油焖茄子,A,快手家常菜
c5d7bc4e-a252-4f82-ad8c-37ba4d7b508a,220124145524,2022-11-07,20221011104824_73e8d2575ff19abbcd753aafebfb159b,2022-11-07 12:06:36,20211201154729_7b5ec0223ee7fa600667e2d1cdb3df04,麻婆豆腐,A,快手家常菜
553bb9f9-4ca4-4fc0-b131-3fa90f615411,220124145524,2022-11-07,20220811194719_ef75c328aa1950298c8763f52c414a12,2022-11-07 18:11:04,20211201154729_7b5ec0223ee7fa600667e2d1cdb3df04,麻婆豆腐,A,快手家常菜
4da69b99-0349-4a73-a3b1-62e978265450,220124145524,2022-11-07,20221106203201_7f706b69eb3e5a04d3c9d06fc55c7a8c,2022-11-07 23:36:45,20211125170244_49f69cbaac380eeb3ca54ba87fc15b09,酸辣土豆丝,A,快手家常菜
064fbee2-7c1a-41a3-b13e-afe65402d9d0,220124145524,2022-11-07,20221013210328_c23375636684e3f304e4f1d8e4c58e79,2022-11-07 18:53:10,20211201154729_7b5ec0223ee7fa600667e2d1cdb3df04,麻婆豆腐,A,快手家常菜
4b124d2b-eadd-4934-9c6e-95fb50793f7e,220124145524,2022-11-07,20221030082317_a6bb872acc203c6c5140c06c76c6b8ed,2022-11-07 19:03:40,20211124183257_6175314b75dcaff2ed9605d4c5315859,茄汁花菜,A,快手家常菜
e1b3e6fc-48e9-4155-ab33-e90cac7571d3,220124145524,2022-11-07,20221101222723_49de57945226051e80eaa9fafa673ccd,2022-11-07 10:43:14,20220105155437_04961a9885801579c29d89122accd836,芹菜牛肉丝,A,快手家常菜
435ad064-7126-4417-857b-2bf29238a63e,220124145524,2022-11-07,20221103154408_5cb4077f09c14ac6d473819793c648ec,2022-11-07 15:57:36,20211125170244_49f69cbaac380eeb3ca54ba87fc15b09,酸辣土豆丝,A,快手家常菜
f3ea99fb-f141-4411-9596-1369e4274a14,220124145524,2022-11-07,20220918075626_c2cbcee05a7cbee6d531fd034004ff99,2022-11-07 14:54:44,20211130102404_805c39747474e88e5fe7bb353b44312e,西红柿炒蛋,A,快手家常菜
0d317a26-803b-461e-9874-426c354deff6,220124145524,2022-11-07,20221102184509_c1642366ee272bd2d60fcd8711b22523,2022-11-07 11:27:57,20220105155437_04961a9885801579c29d89122accd836,芹菜牛肉丝,A,快手家常菜
3e10969a-9409-45c9-9263-5a2b36e3afa3,220124145524,2022-11-07,20220828160547_88d3a804ac9124feaee608288d989da0,2022-11-07 00:31:05,20211217113304_b5528e8c5eca28d94f77d67a78d14e16,青椒炒蛋,A,快手家常菜
3e10969a-9409-45c9-9263-5a2b36e3afa3,220124145524,2022-11-07,20220828160547_88d3a804ac9124feaee608288d989da0,2022-11-07 00:32:07,20211201131418_5c785870ca744c19521af65ab83fe2e4,蚝油生菜,A,快手家常菜
3e10969a-9409-45c9-9263-5a2b36e3afa3,220124145524,2022-11-07,20220828160547_88d3a804ac9124feaee608288d989da0,2022-11-07 00:31:59,20211217113304_b5528e8c5eca28d94f77d67a78d14e16,青椒炒蛋,A,快手家常菜
3de7e1e9-5a11-40e0-8640-c5bfa48c3119,220124145524,2022-11-07,20221102194916_c0c1b88e9b38e765502e0aee68a8a837,2022-11-07 10:34:28,20211217113304_b5528e8c5eca28d94f77d67a78d14e16,青椒炒蛋,A,快手家常菜
2a8a208c-04cc-43b2-9d7e-0bb4fe7a9951,220124145524,2022-11-07,20221030090706_adadfc171fda5de4b76b798464d91c9b,2022-11-07 18:23:04,20220105155437_04961a9885801579c29d89122accd836,芹菜牛肉丝,A,快手家常菜
29479589-cc77-4eb7-bcf5-f564672304b9,220124145524,2022-11-07,20220308195456_08e38d8576fb680b9b090a7f8ec37a11,2022-11-07 01:30:07,20211201131418_5c785870ca744c19521af65ab83fe2e4,蚝油生菜,A,快手家常菜
26b7b6ac-b5ad-46f2-bb41-5ffd45e66be1,220124145524,2022-11-07,20220315180429_2c10a52ce07ab7d9fbd87ea576735f57,2022-11-07 14:18:10,20211130102404_805c39747474e88e5fe7bb353b44312e,西红柿炒蛋,A,快手家常菜
931a033c-8218-4187-83f6-c6493a28c816,220124145524,2022-11-07,20221007153915_fb363e6fdeb8647c05ed823c58726b26,2022-11-07 11:45:59,20211110135115_1083e60f3df429d0fafb9441fef7abba,蒜蓉菠菜,A,快手家常菜
8c8d31c9-0e97-42aa-b569-8ac2d7864333,220124145524,2022-11-07,20221104190032_0e51bbc3299ffaef752b3f040fa58cf8,2022-11-07 21:20:50,20211201154729_7b5ec0223ee7fa600667e2d1cdb3df04,麻婆豆腐,A,快手家常菜
87781d07-68e8-49bc-801f-e61918ccf4e4,220124145524,2022-11-07,20220912194155_1f5403a3c1299449ea32b07814f422be,2022-11-07 21:51:59,20211125170244_49f69cbaac380eeb3ca54ba87fc15b09,酸辣土豆丝,A,快手家常菜
ab63e770-97c2-41aa-bc70-713977755c0a,220124145524,2022-11-07,20221102184509_c1642366ee272bd2d60fcd8711b22523,2022-11-07 12:27:01,20220105155437_04961a9885801579c29d89122accd836,芹菜牛肉丝,A,快手家常菜
838ad78d-36f3-4e28-86e1-529012466f91,220124145524,2022-11-07,20221030152939_da32c94ef3318903faba5de6e0951452,2022-11-07 13:36:17,20211125170244_49f69cbaac380eeb3ca54ba87fc15b09,酸辣土豆丝,A,快手家常菜
7cfb9ff9-e099-49ab-929c-acea2fd4e533,220124145524,2022-11-07,20221007203659_cc447b8a62a1c0354b5a455c5742470d,2022-11-07 17:53:27,20211125170244_49f69cbaac380eeb3ca54ba87fc15b09,酸辣土豆丝,A,快手家常菜
09ec059b-d807-4e36-b7e5-7da8a9d63523,220124145524,2022-11-07,20221102105419_6f94cc872b31dd755dc097fde7bc40bf,2022-11-07 21:44:24,20220105155437_04961a9885801579c29d89122accd836,芹菜牛肉丝,A,快手家常菜
2047bbb8-1ca5-4b12-a187-8bef88e942eb,220124145524,2022-11-07,20221105133622_dfc4e857b162f0f01c5308705c98e2a1,2022-11-07 18:36:46,20211201154729_7b5ec0223ee7fa600667e2d1cdb3df04,麻婆豆腐,A,快手家常菜
8802a3e2-38fe-4f7d-b6ac-a1af32a09cf6,220124150052,2022-11-07,20221031113522_e1a17450fb82137a1a8f3f7e30fe2952,2022-11-07 19:09:18,20220324135712_e682715c7e407613d077bba5bbd4dd15,干锅花菜,A,川渝风味
5d5a5f01-d06f-4de9-a979-14606ccd9c2b,220124150052,2022-11-07,20221015122703_89fcb8adc2027e251a0b1542b73fb08d,2022-11-07 22:41:25,20211124183318_aa38f2a924e8f70eeaaac14364259bb3,鱼香茄子,A,川渝风味
8802a3e2-38fe-4f7d-b6ac-a1af32a09cf6,220124150052,2022-11-07,20221031113522_e1a17450fb82137a1a8f3f7e30fe2952,2022-11-07 19:09:13,20211115122950_4ce4a06a2546c696efe6c7d263f118bd,虎皮青椒,A,川渝风味
8802a3e2-38fe-4f7d-b6ac-a1af32a09cf6,220124150052,2022-11-07,20221031113522_e1a17450fb82137a1a8f3f7e30fe2952,2022-11-07 19:09:36,20211129142724_7ae493c779d9189ee2c99e3b1c6ffbe7,水煮肉片,A,川渝风味
8802a3e2-38fe-4f7d-b6ac-a1af32a09cf6,220124150052,2022-11-07,20221031113522_e1a17450fb82137a1a8f3f7e30fe2952,2022-11-07 19:09:18,20220324135712_e682715c7e407613d077bba5bbd4dd15,干锅花菜,A,川渝风味
984b4f97-01df-498c-8ba0-6fb4cc7e26d8,220124150231,2022-11-07,20221030214015_6aad6b7e84ee10173abf6ec4a69d0d7a,2022-11-07 19:06:25,20211210105937_bd4255fcb66b8f2e0b239c446db8fd52,葱烧鲫鱼（减脂餐）,A,鱼虾鲜味
52e0e467-a961-4dbe-9a06-c3cbd55730e6,220124150231,2022-11-07,20221105191601_4eb6b5b1a88cde6bdac4ba9452b72ce5,2022-11-07 21:26:54,20211124134927_849f0159113be659fd06f0643698070e,肉蟹煲,A,鱼虾鲜味
984b4f97-01df-498c-8ba0-6fb4cc7e26d8,220124150231,2022-11-07,20221030214015_6aad6b7e84ee10173abf6ec4a69d0d7a,2022-11-07 19:05:33,20211124183241_274df18a6cd1671dc90332d3e058f2b7,黄金带鱼,A,鱼虾鲜味
807488b5-2e38-4ac5-ad07-b5d48c764163,220124150231,2022-11-07,20221023201016_fb602e5f93294b53c06d569c91912bf4,2022-11-07 19:46:28,20211210105937_bd4255fcb66b8f2e0b239c446db8fd52,葱烧鲫鱼（减脂餐）,A,鱼虾鲜味
f305795a-04ff-4e25-8041-e5dced451263,220124150231,2022-11-07,20221105094400_10c818e6196b9c0ad0801bb00509fbd8,2022-11-07 16:00:21,20220211101730_f5744f62db3fbdf8562ddb044fc432c9,白炒鲜竹蛏,A,鱼虾鲜味
25fe9c1b-7da1-4759-a38c-181e7081eb33,220124150231,2022-11-07,20221104145505_6a28d23ad87d56a405ade339eb31cff6,2022-11-07 21:23:58,20220211101730_f5744f62db3fbdf8562ddb044fc432c9,白炒鲜竹蛏,A,鱼虾鲜味
064fbee2-7c1a-41a3-b13e-afe65402d9d0,220124150231,2022-11-07,20221013210328_c23375636684e3f304e4f1d8e4c58e79,2022-11-07 18:53:56,20211210105937_bd4255fcb66b8f2e0b239c446db8fd52,葱烧鲫鱼（减脂餐）,A,鱼虾鲜味
fd0b9c32-10ae-4f63-9fcb-4a8648273e0f,220124150231,2022-11-07,20221030214015_6aad6b7e84ee10173abf6ec4a69d0d7a,2022-11-07 13:08:57,20211124183241_274df18a6cd1671dc90332d3e058f2b7,黄金带鱼,A,鱼虾鲜味
0ceeb48f-a9a7-42fb-8a26-1a50d693e228,220124150509,2022-11-07,20220417141840_7e23ca392b610e28f32a6e4dddb8cee3,2022-11-07 10:34:45,20211119130637_6b40183d98d7387317cf45f39a8b18a1,大厨炒方便面,A,能量主食
ba491c2f-48bc-4110-8dac-3a1c59bc17c8,220124150808,2022-11-07,20221106203201_7f706b69eb3e5a04d3c9d06fc55c7a8c,2022-11-07 19:05:03,20211124183227_6fba566ab5aa123f5c4301ffeb0ea235,冬瓜排骨汤,A,家常靓汤
4da69b99-0349-4a73-a3b1-62e978265450,220124150808,2022-11-07,20221106203201_7f706b69eb3e5a04d3c9d06fc55c7a8c,2022-11-07 23:37:49,20211202144122_6caa7ac21ef4b59614be6fa675d98442,青菜豆腐汤,A,家常靓汤
07725d77-d6c7-46a3-a8df-7237de9650ab,220510143647,2022-11-07,20221104161548_05102cee08eef8e6da32e19e62e2e5c5,2022-11-07 18:22:33,20211129175801_93a9cba282275c5445b37d7e65aa081b,蒜蓉菜心,A,粤式风味
d36fa693-29da-4712-8098-986419717954,220510144344,2022-11-07,20220105000357_1c5df66ebe970b78f8b404553c1b830b,2022-11-07 12:05:11,20220315130911_b1d5e0a0d6b67d744cbd99741825eaa1,腌笃鲜,A,雅致苏菜
24dfa89e-7534-415f-b346-fb68d2385059,220510144344,2022-11-07,20220424145526_7e00bbc7b383c4ee235d0aa1da80c7f6,2022-11-07 17:10:07,20220228143411_18b97b2bf149f3c2f2d97f72f562ad8a,油焖春笋,A,雅致苏菜
2047bbb8-1ca5-4b12-a187-8bef88e942eb,220510144706,2022-11-07,20221105133622_dfc4e857b162f0f01c5308705c98e2a1,2022-11-07 18:38:33,20211124183253_e22b0b7bc805855818747083c0e63357,蒜泥油麦菜,A,素菜小炒
8c8d31c9-0e97-42aa-b569-8ac2d7864333,220510144706,2022-11-07,20221104190032_0e51bbc3299ffaef752b3f040fa58cf8,2022-11-07 21:22:05,20211122150618_de40f04c8eba47ed67c223d4024e33ab,糖醋包菜,A,素菜小炒
bd5cdbd5-da76-45f0-a0c6-8b062821ea26,220510144706,2022-11-07,20221029222547_b5a580ec0c085c6a89460222c419da45,2022-11-07 11:00:19,20211115122950_4ce4a06a2546c696efe6c7d263f118bd,虎皮青椒,A,素菜小炒
ef8f789c-d5cb-47b7-ad17-41ee479efa87,220510144706,2022-11-07,20221002181337_0091613387ba8eaa6771b2aa9b0006e6,2022-11-07 13:05:10,20211124183253_e22b0b7bc805855818747083c0e63357,蒜泥油麦菜,A,素菜小炒
4b124d2b-eadd-4934-9c6e-95fb50793f7e,220510144706,2022-11-07,20221030082317_a6bb872acc203c6c5140c06c76c6b8ed,2022-11-07 19:05:02,20211124183335_85fb143b0a9457e3436d8b6b1b4d2e18,清炒荷兰豆,A,素菜小炒
4b124d2b-eadd-4934-9c6e-95fb50793f7e,220510144706,2022-11-07,20221030082317_a6bb872acc203c6c5140c06c76c6b8ed,2022-11-07 19:04:27,20211122150618_de40f04c8eba47ed67c223d4024e33ab,糖醋包菜,A,素菜小炒
ef8f789c-d5cb-47b7-ad17-41ee479efa87,220510144706,2022-11-07,20221002181337_0091613387ba8eaa6771b2aa9b0006e6,2022-11-07 13:05:34,20211202153053_d050c9d4c4f3de565f378727f6ede557,酸辣白菜,A,素菜小炒
bd5cdbd5-da76-45f0-a0c6-8b062821ea26,220510144706,2022-11-07,20221029222547_b5a580ec0c085c6a89460222c419da45,2022-11-07 11:00:35,20211115122950_4ce4a06a2546c696efe6c7d263f118bd,虎皮青椒,A,素菜小炒
4c99f1bb-ce7a-4c3a-b860-d3251556b16f,220510161201,2022-11-07,20221105010700_7cc8a6b20a231f620723bb11e80f6d96,2022-11-07 03:39:05,20221227103252_8feb83f7908ff64f4b9980dadad9b852,法式香煎银鳕鱼,A,西式料理
37e92791-1631-4826-a4a1-8212066450b5,220510161201,2022-11-07,20220516112427_9fb84685a9cfe70254d76ba1b46a7539,2022-11-07 14:30:46,20221227103252_8feb83f7908ff64f4b9980dadad9b852,法式香煎银鳕鱼,A,西式料理
43d8b925-d0cb-4286-98aa-b80e52f7da70,220510161201,2022-11-07,20221030072207_ca6f186b5963cd45b27fd14da8d62f56,2022-11-07 09:41:01,20221227103252_8feb83f7908ff64f4b9980dadad9b852,法式香煎银鳕鱼,A,西式料理
1b5f9e02-6a9a-4d40-9ff0-65495a192696,220510161201,2022-11-07,20220607223133_e2bc4a600bd5071d10186a16dc18d396,2022-11-07 17:18:13,20211224152823_68385713b510cb576ae73083e851ce2f,澳洲谷饲西冷牛排,A,西式料理
5caa256a-7dc5-4a04-822e-0b566b7e1561,220510161754,2022-11-07,20221105180431_4d796cb84af636057aa55641f1a4e57e,2022-11-07 08:08:36,20211122111645_83e02c874e41cf8a23c255b2404bb4e8,板栗焖鸡块（滋补餐）,A,红烧滋味
5caa256a-7dc5-4a04-822e-0b566b7e1561,220510161754,2022-11-07,20221105180431_4d796cb84af636057aa55641f1a4e57e,2022-11-07 08:14:40,20211122111645_83e02c874e41cf8a23c255b2404bb4e8,板栗焖鸡块（滋补餐）,A,红烧滋味
96bca6a6-d9ec-4c28-af3c-8e8509000df3,220510161754,2022-11-07,20221102174934_791e4dd2f59b354c54b25017a4d41e27,2022-11-07 17:12:14,20221228112954_9030d807dd8163dc11148f0e393fe61e,红烧肉,A,红烧滋味
19b7971e-909d-4b54-96fe-0d0bd427d3a9,220510161754,2022-11-07,20221102194916_c0c1b88e9b38e765502e0aee68a8a837,2022-11-07 10:44:29,20211208101423_2c54f5eef2681cebf412c6e3af8a4c65,糖醋排骨,A,红烧滋味
93037108-ddea-4e1c-afec-6d54ff746b60,220510162506,2022-11-07,20220630122815_2ae1a618cd3f891cdb5c7f8566d3010d,2022-11-07 13:10:14,20220124143201_30fc5c946a8e436504339b3ade87aa58,双椒羊肉,A,无辣不欢
062dc1d1-9297-44ec-b2d9-6189e579d89f,220511134039,2022-11-07,20220220222114_2e99a3b4f202598b13168bd6733d6646,2022-11-07 08:33:56,20211129173944_310a66c0b89d6bf82a7ce6717d0e99b6,山药炒黑木耳,A,养生滋补
